Year,m,d,Time,Time zone,Direct solar radiation (W/m2)
2019,12,24,00:00,UTC,0
2019,12,24,00:01,UTC,-0.2
2019,12,24,00:02,UTC,-0.2
2019,12,24,00:03,UTC,-0.1
2019,12,24,00:04,UTC,-0.2
2019,12,24,00:05,UTC,-0.2
2019,12,24,00:06,UTC,0
2019,12,24,00:07,UTC,-0.1
2019,12,24,00:08,UTC,0.1
2019,12,24,00:09,UTC,0.1
2019,12,24,00:10,UTC,0.2
2019,12,24,00:11,UTC,0.4
2019,12,24,00:12,UTC,0.4
2019,12,24,00:13,UTC,0.6
2019,12,24,00:14,UTC,0.4
2019,12,24,00:15,UTC,0.3
2019,12,24,00:16,UTC,0.3
2019,12,24,00:17,UTC,0.2
2019,12,24,00:18,UTC,0.4
2019,12,24,00:19,UTC,0.2
2019,12,24,00:20,UTC,0.2
2019,12,24,00:21,UTC,0.4
2019,12,24,00:22,UTC,0.4
2019,12,24,00:23,UTC,0.5
2019,12,24,00:24,UTC,0.7
2019,12,24,00:25,UTC,0.6
2019,12,24,00:26,UTC,0.6
2019,12,24,00:27,UTC,0.4
2019,12,24,00:28,UTC,0.5
2019,12,24,00:29,UTC,0.3
2019,12,24,00:30,UTC,0.4
2019,12,24,00:31,UTC,0.3
2019,12,24,00:32,UTC,0.2
2019,12,24,00:33,UTC,-0.1
2019,12,24,00:34,UTC,0
2019,12,24,00:35,UTC,0.1
2019,12,24,00:36,UTC,0.1
2019,12,24,00:37,UTC,0.3
2019,12,24,00:38,UTC,0.2
2019,12,24,00:39,UTC,0.2
2019,12,24,00:40,UTC,0
2019,12,24,00:41,UTC,0.1
2019,12,24,00:42,UTC,0.2
2019,12,24,00:43,UTC,0.1
2019,12,24,00:44,UTC,0.1
2019,12,24,00:45,UTC,0
2019,12,24,00:46,UTC,-0.2
2019,12,24,00:47,UTC,-0.2
2019,12,24,00:48,UTC,-0.2
2019,12,24,00:49,UTC,-0.1
2019,12,24,00:50,UTC,0.2
2019,12,24,00:51,UTC,0.1
2019,12,24,00:52,UTC,0
2019,12,24,00:53,UTC,0.1
2019,12,24,00:54,UTC,0.2
2019,12,24,00:55,UTC,0.2
2019,12,24,00:56,UTC,0.3
2019,12,24,00:57,UTC,0.5
2019,12,24,00:58,UTC,0.6
2019,12,24,00:59,UTC,0.6
2019,12,24,01:00,UTC,0.5
2019,12,24,01:01,UTC,0.5
2019,12,24,01:02,UTC,0.6
2019,12,24,01:03,UTC,0.7
2019,12,24,01:04,UTC,0.7
2019,12,24,01:05,UTC,0.8
2019,12,24,01:06,UTC,0.8
2019,12,24,01:07,UTC,0.9
2019,12,24,01:08,UTC,0.8
2019,12,24,01:09,UTC,0.8
2019,12,24,01:10,UTC,0.8
2019,12,24,01:11,UTC,0.7
2019,12,24,01:12,UTC,0.7
2019,12,24,01:13,UTC,0.5
2019,12,24,01:14,UTC,0.4
2019,12,24,01:15,UTC,0.2
2019,12,24,01:16,UTC,0.2
2019,12,24,01:17,UTC,0.2
2019,12,24,01:18,UTC,0.1
2019,12,24,01:19,UTC,0.3
2019,12,24,01:20,UTC,0.2
2019,12,24,01:21,UTC,0.3
2019,12,24,01:22,UTC,0.4
2019,12,24,01:23,UTC,0.4
2019,12,24,01:24,UTC,0.5
2019,12,24,01:25,UTC,0.5
2019,12,24,01:26,UTC,0.5
2019,12,24,01:27,UTC,0.6
2019,12,24,01:28,UTC,0.6
2019,12,24,01:29,UTC,0.6
2019,12,24,01:30,UTC,0.7
2019,12,24,01:31,UTC,0.6
2019,12,24,01:32,UTC,0.7
2019,12,24,01:33,UTC,0.6
2019,12,24,01:34,UTC,0.5
2019,12,24,01:35,UTC,0.6
2019,12,24,01:36,UTC,0.5
2019,12,24,01:37,UTC,0.3
2019,12,24,01:38,UTC,0.2
2019,12,24,01:39,UTC,0.1
2019,12,24,01:40,UTC,0.3
2019,12,24,01:41,UTC,0.2
2019,12,24,01:42,UTC,0.1
2019,12,24,01:43,UTC,0.3
2019,12,24,01:44,UTC,0.3
2019,12,24,01:45,UTC,0.3
2019,12,24,01:46,UTC,0.2
2019,12,24,01:47,UTC,0.2
2019,12,24,01:48,UTC,0.1
2019,12,24,01:49,UTC,0.2
2019,12,24,01:50,UTC,0.3
2019,12,24,01:51,UTC,0.2
2019,12,24,01:52,UTC,0.2
2019,12,24,01:53,UTC,0.2
2019,12,24,01:54,UTC,0.3
2019,12,24,01:55,UTC,0.3
2019,12,24,01:56,UTC,0.1
2019,12,24,01:57,UTC,-0.1
2019,12,24,01:58,UTC,-0.2
2019,12,24,01:59,UTC,-0.2
2019,12,24,02:00,UTC,-0.3
2019,12,24,02:01,UTC,-0.2
2019,12,24,02:02,UTC,-0.1
2019,12,24,02:03,UTC,-0.1
2019,12,24,02:04,UTC,-0.1
2019,12,24,02:05,UTC,-0.3
2019,12,24,02:06,UTC,-0.3
2019,12,24,02:07,UTC,-0.4
2019,12,24,02:08,UTC,-0.5
2019,12,24,02:09,UTC,-0.6
2019,12,24,02:10,UTC,-0.7
2019,12,24,02:11,UTC,-0.4
2019,12,24,02:12,UTC,-0.2
2019,12,24,02:13,UTC,0.1
2019,12,24,02:14,UTC,-0.1
2019,12,24,02:15,UTC,-0.1
2019,12,24,02:16,UTC,-0.1
2019,12,24,02:17,UTC,0
2019,12,24,02:18,UTC,0.1
2019,12,24,02:19,UTC,-0.1
2019,12,24,02:20,UTC,0
2019,12,24,02:21,UTC,0
2019,12,24,02:22,UTC,-0.1
2019,12,24,02:23,UTC,-0.2
2019,12,24,02:24,UTC,0
2019,12,24,02:25,UTC,0.1
2019,12,24,02:26,UTC,0.1
2019,12,24,02:27,UTC,-0.1
2019,12,24,02:28,UTC,-0.3
2019,12,24,02:29,UTC,-0.2
2019,12,24,02:30,UTC,-0.3
2019,12,24,02:31,UTC,-0.3
2019,12,24,02:32,UTC,-0.1
2019,12,24,02:33,UTC,0.1
2019,12,24,02:34,UTC,0.1
2019,12,24,02:35,UTC,0.1
2019,12,24,02:36,UTC,-0.3
2019,12,24,02:37,UTC,-0.3
2019,12,24,02:38,UTC,-0.5
2019,12,24,02:39,UTC,-0.2
2019,12,24,02:40,UTC,-0.1
2019,12,24,02:41,UTC,0.1
2019,12,24,02:42,UTC,0.2
2019,12,24,02:43,UTC,0.2
2019,12,24,02:44,UTC,0.4
2019,12,24,02:45,UTC,0.3
2019,12,24,02:46,UTC,0.4
2019,12,24,02:47,UTC,0.2
2019,12,24,02:48,UTC,0.4
2019,12,24,02:49,UTC,0.3
2019,12,24,02:50,UTC,0.2
2019,12,24,02:51,UTC,0.3
2019,12,24,02:52,UTC,0
2019,12,24,02:53,UTC,0
2019,12,24,02:54,UTC,0.1
2019,12,24,02:55,UTC,0.2
2019,12,24,02:56,UTC,0
2019,12,24,02:57,UTC,-0.1
2019,12,24,02:58,UTC,-0.1
2019,12,24,02:59,UTC,-0.1
2019,12,24,03:00,UTC,0.3
2019,12,24,03:01,UTC,0.3
2019,12,24,03:02,UTC,0.4
2019,12,24,03:03,UTC,0.1
2019,12,24,03:04,UTC,0.4
2019,12,24,03:05,UTC,0.4
2019,12,24,03:06,UTC,0.3
2019,12,24,03:07,UTC,0.3
2019,12,24,03:08,UTC,0.2
2019,12,24,03:09,UTC,0.3
2019,12,24,03:10,UTC,0.3
2019,12,24,03:11,UTC,0.4
2019,12,24,03:12,UTC,0.5
2019,12,24,03:13,UTC,0.5
2019,12,24,03:14,UTC,0.5
2019,12,24,03:15,UTC,0.4
2019,12,24,03:16,UTC,0.5
2019,12,24,03:17,UTC,0.3
2019,12,24,03:18,UTC,0
2019,12,24,03:19,UTC,0.1
2019,12,24,03:20,UTC,0.2
2019,12,24,03:21,UTC,0.5
2019,12,24,03:22,UTC,0.5
2019,12,24,03:23,UTC,0.5
2019,12,24,03:24,UTC,0.4
2019,12,24,03:25,UTC,0.5
2019,12,24,03:26,UTC,0.4
2019,12,24,03:27,UTC,0.4
2019,12,24,03:28,UTC,0.3
2019,12,24,03:29,UTC,0.4
2019,12,24,03:30,UTC,0.5
2019,12,24,03:31,UTC,0.3
2019,12,24,03:32,UTC,0.2
2019,12,24,03:33,UTC,0.4
2019,12,24,03:34,UTC,0.1
2019,12,24,03:35,UTC,0.1
2019,12,24,03:36,UTC,0
2019,12,24,03:37,UTC,0.1
2019,12,24,03:38,UTC,0
2019,12,24,03:39,UTC,-0.1
2019,12,24,03:40,UTC,-0.1
2019,12,24,03:41,UTC,0
2019,12,24,03:42,UTC,0.2
2019,12,24,03:43,UTC,0.4
2019,12,24,03:44,UTC,0.5
2019,12,24,03:45,UTC,0.6
2019,12,24,03:46,UTC,0.6
2019,12,24,03:47,UTC,0.7
2019,12,24,03:48,UTC,0.6
2019,12,24,03:49,UTC,0.6
2019,12,24,03:50,UTC,0.6
2019,12,24,03:51,UTC,0.8
2019,12,24,03:52,UTC,0.5
2019,12,24,03:53,UTC,0.3
2019,12,24,03:54,UTC,0.5
2019,12,24,03:55,UTC,0.4
2019,12,24,03:56,UTC,0.3
2019,12,24,03:57,UTC,0.1
2019,12,24,03:58,UTC,0
2019,12,24,03:59,UTC,-0.1
2019,12,24,04:00,UTC,-0.1
2019,12,24,04:01,UTC,-0.1
2019,12,24,04:02,UTC,-0.3
2019,12,24,04:03,UTC,-0.5
2019,12,24,04:04,UTC,-0.6
2019,12,24,04:05,UTC,-0.6
2019,12,24,04:06,UTC,-0.5
2019,12,24,04:07,UTC,-0.6
2019,12,24,04:08,UTC,-0.4
2019,12,24,04:09,UTC,-0.4
2019,12,24,04:10,UTC,-0.6
2019,12,24,04:11,UTC,-0.6
2019,12,24,04:12,UTC,-0.4
2019,12,24,04:13,UTC,-0.3
2019,12,24,04:14,UTC,-0.3
2019,12,24,04:15,UTC,-0.6
2019,12,24,04:16,UTC,-0.6
2019,12,24,04:17,UTC,-0.5
2019,12,24,04:18,UTC,-0.7
2019,12,24,04:19,UTC,-0.7
2019,12,24,04:20,UTC,-0.8
2019,12,24,04:21,UTC,-0.8
2019,12,24,04:22,UTC,-0.7
2019,12,24,04:23,UTC,-0.5
2019,12,24,04:24,UTC,-0.7
2019,12,24,04:25,UTC,-0.7
2019,12,24,04:26,UTC,-0.7
2019,12,24,04:27,UTC,-0.6
2019,12,24,04:28,UTC,-0.8
2019,12,24,04:29,UTC,-0.9
2019,12,24,04:30,UTC,-0.8
2019,12,24,04:31,UTC,-1
2019,12,24,04:32,UTC,-0.8
2019,12,24,04:33,UTC,-0.9
2019,12,24,04:34,UTC,-0.8
2019,12,24,04:35,UTC,-0.8
2019,12,24,04:36,UTC,-0.9
2019,12,24,04:37,UTC,-1
2019,12,24,04:38,UTC,-0.9
2019,12,24,04:39,UTC,-0.8
2019,12,24,04:40,UTC,-0.8
2019,12,24,04:41,UTC,-0.9
2019,12,24,04:42,UTC,-0.8
2019,12,24,04:43,UTC,-0.7
2019,12,24,04:44,UTC,-0.7
2019,12,24,04:45,UTC,-0.7
2019,12,24,04:46,UTC,-0.6
2019,12,24,04:47,UTC,-0.3
2019,12,24,04:48,UTC,-0.2
2019,12,24,04:49,UTC,-0.2
2019,12,24,04:50,UTC,-0.4
2019,12,24,04:51,UTC,-0.5
2019,12,24,04:52,UTC,-0.3
2019,12,24,04:53,UTC,-0.3
2019,12,24,04:54,UTC,-0.1
2019,12,24,04:55,UTC,-0.2
2019,12,24,04:56,UTC,0
2019,12,24,04:57,UTC,0.2
2019,12,24,04:58,UTC,-0.1
2019,12,24,04:59,UTC,0.1
2019,12,24,05:00,UTC,0.1
2019,12,24,05:01,UTC,0.1
2019,12,24,05:02,UTC,0.3
2019,12,24,05:03,UTC,0.3
2019,12,24,05:04,UTC,0.3
2019,12,24,05:05,UTC,0.3
2019,12,24,05:06,UTC,0.4
2019,12,24,05:07,UTC,0.2
2019,12,24,05:08,UTC,0.3
2019,12,24,05:09,UTC,0.5
2019,12,24,05:10,UTC,0.3
2019,12,24,05:11,UTC,0.2
2019,12,24,05:12,UTC,0.2
2019,12,24,05:13,UTC,0
2019,12,24,05:14,UTC,0
2019,12,24,05:15,UTC,0.1
2019,12,24,05:16,UTC,0.1
2019,12,24,05:17,UTC,0.1
2019,12,24,05:18,UTC,0.1
2019,12,24,05:19,UTC,0.2
2019,12,24,05:20,UTC,0.1
2019,12,24,05:21,UTC,-0.1
2019,12,24,05:22,UTC,-0.1
2019,12,24,05:23,UTC,-0.4
2019,12,24,05:24,UTC,-0.6
2019,12,24,05:25,UTC,-0.6
2019,12,24,05:26,UTC,-0.2
2019,12,24,05:27,UTC,0.1
2019,12,24,05:28,UTC,0.2
2019,12,24,05:29,UTC,0.3
2019,12,24,05:30,UTC,0.2
2019,12,24,05:31,UTC,0.1
2019,12,24,05:32,UTC,0.2
2019,12,24,05:33,UTC,0.3
2019,12,24,05:34,UTC,0.2
2019,12,24,05:35,UTC,0.1
2019,12,24,05:36,UTC,0.1
2019,12,24,05:37,UTC,0
2019,12,24,05:38,UTC,-0.3
2019,12,24,05:39,UTC,-0.1
2019,12,24,05:40,UTC,0
2019,12,24,05:41,UTC,0.1
2019,12,24,05:42,UTC,0.2
2019,12,24,05:43,UTC,0.2
2019,12,24,05:44,UTC,-0.2
2019,12,24,05:45,UTC,-0.2
2019,12,24,05:46,UTC,-0.2
2019,12,24,05:47,UTC,-0.1
2019,12,24,05:48,UTC,-0.1
2019,12,24,05:49,UTC,-0.1
2019,12,24,05:50,UTC,-0.1
2019,12,24,05:51,UTC,-0.1
2019,12,24,05:52,UTC,-0.1
2019,12,24,05:53,UTC,0
2019,12,24,05:54,UTC,0
2019,12,24,05:55,UTC,-0.1
2019,12,24,05:56,UTC,0
2019,12,24,05:57,UTC,0.2
2019,12,24,05:58,UTC,0.3
2019,12,24,05:59,UTC,0
2019,12,24,06:00,UTC,0.1
2019,12,24,06:01,UTC,0
2019,12,24,06:02,UTC,0.2
2019,12,24,06:03,UTC,0.3
2019,12,24,06:04,UTC,0.3
2019,12,24,06:05,UTC,0.5
2019,12,24,06:06,UTC,0.4
2019,12,24,06:07,UTC,0.4
2019,12,24,06:08,UTC,0.4
2019,12,24,06:09,UTC,0.4
2019,12,24,06:10,UTC,0.3
2019,12,24,06:11,UTC,-0.1
2019,12,24,06:12,UTC,-0.1
2019,12,24,06:13,UTC,-0.1
2019,12,24,06:14,UTC,0
2019,12,24,06:15,UTC,0
2019,12,24,06:16,UTC,0.1
2019,12,24,06:17,UTC,0.1
2019,12,24,06:18,UTC,-0.1
2019,12,24,06:19,UTC,-0.1
2019,12,24,06:20,UTC,0.1
2019,12,24,06:21,UTC,0.1
2019,12,24,06:22,UTC,0
2019,12,24,06:23,UTC,0.3
2019,12,24,06:24,UTC,0
2019,12,24,06:25,UTC,-0.1
2019,12,24,06:26,UTC,0.2
2019,12,24,06:27,UTC,0.3
2019,12,24,06:28,UTC,0.1
2019,12,24,06:29,UTC,0.1
2019,12,24,06:30,UTC,0.2
2019,12,24,06:31,UTC,0.1
2019,12,24,06:32,UTC,0.2
2019,12,24,06:33,UTC,0.1
2019,12,24,06:34,UTC,0.1
2019,12,24,06:35,UTC,0.2
2019,12,24,06:36,UTC,0.2
2019,12,24,06:37,UTC,0.2
2019,12,24,06:38,UTC,0.2
2019,12,24,06:39,UTC,0.3
2019,12,24,06:40,UTC,0.1
2019,12,24,06:41,UTC,0.1
2019,12,24,06:42,UTC,-0.2
2019,12,24,06:43,UTC,0.1
2019,12,24,06:44,UTC,-0.1
2019,12,24,06:45,UTC,-0.1
2019,12,24,06:46,UTC,0
2019,12,24,06:47,UTC,-0.1
2019,12,24,06:48,UTC,-0.1
2019,12,24,06:49,UTC,-0.2
2019,12,24,06:50,UTC,-0.2
2019,12,24,06:51,UTC,-0.3
2019,12,24,06:52,UTC,-0.2
2019,12,24,06:53,UTC,-0.2
2019,12,24,06:54,UTC,-0.2
2019,12,24,06:55,UTC,-0.1
2019,12,24,06:56,UTC,0
2019,12,24,06:57,UTC,0.1
2019,12,24,06:58,UTC,-0.1
2019,12,24,06:59,UTC,0
2019,12,24,07:00,UTC,0.1
2019,12,24,07:01,UTC,0.3
2019,12,24,07:02,UTC,0.4
2019,12,24,07:03,UTC,0.4
2019,12,24,07:04,UTC,0.4
2019,12,24,07:05,UTC,0.3
2019,12,24,07:06,UTC,0.3
2019,12,24,07:07,UTC,0.4
2019,12,24,07:08,UTC,0.3
2019,12,24,07:09,UTC,0.2
2019,12,24,07:10,UTC,0.2
2019,12,24,07:11,UTC,0.3
2019,12,24,07:12,UTC,0.6
2019,12,24,07:13,UTC,0.7
2019,12,24,07:14,UTC,0.5
2019,12,24,07:15,UTC,0.6
2019,12,24,07:16,UTC,0.5
2019,12,24,07:17,UTC,0.5
2019,12,24,07:18,UTC,0.6
2019,12,24,07:19,UTC,0.5
2019,12,24,07:20,UTC,0.5
2019,12,24,07:21,UTC,0.6
2019,12,24,07:22,UTC,0.3
2019,12,24,07:23,UTC,0.3
2019,12,24,07:24,UTC,0.3
2019,12,24,07:25,UTC,0.1
2019,12,24,07:26,UTC,0
2019,12,24,07:27,UTC,0.2
2019,12,24,07:28,UTC,0.3
2019,12,24,07:29,UTC,0.3
2019,12,24,07:30,UTC,0.3
2019,12,24,07:31,UTC,0.2
2019,12,24,07:32,UTC,0.3
2019,12,24,07:33,UTC,0.5
2019,12,24,07:34,UTC,0.6
2019,12,24,07:35,UTC,0.5
2019,12,24,07:36,UTC,0.4
2019,12,24,07:37,UTC,0.4
2019,12,24,07:38,UTC,0.6
2019,12,24,07:39,UTC,0.7
2019,12,24,07:40,UTC,0.7
2019,12,24,07:41,UTC,0.4
2019,12,24,07:42,UTC,0.1
2019,12,24,07:43,UTC,0.2
2019,12,24,07:44,UTC,0.3
2019,12,24,07:45,UTC,0
2019,12,24,07:46,UTC,0.1
2019,12,24,07:47,UTC,0.2
2019,12,24,07:48,UTC,0.1
2019,12,24,07:49,UTC,0.1
2019,12,24,07:50,UTC,0.1
2019,12,24,07:51,UTC,0
2019,12,24,07:52,UTC,-0.1
2019,12,24,07:53,UTC,0
2019,12,24,07:54,UTC,0.2
2019,12,24,07:55,UTC,0.2
2019,12,24,07:56,UTC,0.3
2019,12,24,07:57,UTC,0.4
2019,12,24,07:58,UTC,0.5
2019,12,24,07:59,UTC,0.2
2019,12,24,08:00,UTC,0.5
2019,12,24,08:01,UTC,0.3
2019,12,24,08:02,UTC,0.4
2019,12,24,08:03,UTC,0.5
2019,12,24,08:04,UTC,0.5
2019,12,24,08:05,UTC,0.5
2019,12,24,08:06,UTC,0.4
2019,12,24,08:07,UTC,0.4
2019,12,24,08:08,UTC,0.5
2019,12,24,08:09,UTC,0.5
2019,12,24,08:10,UTC,0.7
2019,12,24,08:11,UTC,0.5
2019,12,24,08:12,UTC,0.5
2019,12,24,08:13,UTC,0.4
2019,12,24,08:14,UTC,0.4
2019,12,24,08:15,UTC,0.6
2019,12,24,08:16,UTC,0.1
2019,12,24,08:17,UTC,0.3
2019,12,24,08:18,UTC,0.6
2019,12,24,08:19,UTC,0.6
2019,12,24,08:20,UTC,0.4
2019,12,24,08:21,UTC,0.6
2019,12,24,08:22,UTC,0.7
2019,12,24,08:23,UTC,0.7
2019,12,24,08:24,UTC,0.7
2019,12,24,08:25,UTC,0.6
2019,12,24,08:26,UTC,0.5
2019,12,24,08:27,UTC,0.6
2019,12,24,08:28,UTC,0.4
2019,12,24,08:29,UTC,0.3
2019,12,24,08:30,UTC,0.4
2019,12,24,08:31,UTC,0.6
2019,12,24,08:32,UTC,0.4
2019,12,24,08:33,UTC,0.5
2019,12,24,08:34,UTC,0.6
2019,12,24,08:35,UTC,0.8
2019,12,24,08:36,UTC,0.6
2019,12,24,08:37,UTC,0.6
2019,12,24,08:38,UTC,0.6
2019,12,24,08:39,UTC,0.5
2019,12,24,08:40,UTC,0.6
2019,12,24,08:41,UTC,0.6
2019,12,24,08:42,UTC,0.4
2019,12,24,08:43,UTC,0.4
2019,12,24,08:44,UTC,0.5
2019,12,24,08:45,UTC,0.4
2019,12,24,08:46,UTC,0.6
2019,12,24,08:47,UTC,0.7
2019,12,24,08:48,UTC,0.7
2019,12,24,08:49,UTC,0.7
2019,12,24,08:50,UTC,0.8
2019,12,24,08:51,UTC,0.7
2019,12,24,08:52,UTC,0.6
2019,12,24,08:53,UTC,0.7
2019,12,24,08:54,UTC,0.9
2019,12,24,08:55,UTC,0.9
2019,12,24,08:56,UTC,1
2019,12,24,08:57,UTC,1.2
2019,12,24,08:58,UTC,1
2019,12,24,08:59,UTC,1
2019,12,24,09:00,UTC,1.2
2019,12,24,09:01,UTC,1.2
2019,12,24,09:02,UTC,1.1
2019,12,24,09:03,UTC,1.1
2019,12,24,09:04,UTC,1
2019,12,24,09:05,UTC,0.8
2019,12,24,09:06,UTC,0.8
2019,12,24,09:07,UTC,0.7
2019,12,24,09:08,UTC,0.7
2019,12,24,09:09,UTC,0.6
2019,12,24,09:10,UTC,0.8
2019,12,24,09:11,UTC,0.7
2019,12,24,09:12,UTC,0.8
2019,12,24,09:13,UTC,0.8
2019,12,24,09:14,UTC,0.7
2019,12,24,09:15,UTC,0.8
2019,12,24,09:16,UTC,0.5
2019,12,24,09:17,UTC,0.5
2019,12,24,09:18,UTC,0.4
2019,12,24,09:19,UTC,0.7
2019,12,24,09:20,UTC,0.8
2019,12,24,09:21,UTC,0.8
2019,12,24,09:22,UTC,0.9
2019,12,24,09:23,UTC,0.9
2019,12,24,09:24,UTC,0.8
2019,12,24,09:25,UTC,0.9
2019,12,24,09:26,UTC,0.8
2019,12,24,09:27,UTC,0.6
2019,12,24,09:28,UTC,0.6
2019,12,24,09:29,UTC,0.7
2019,12,24,09:30,UTC,0.8
2019,12,24,09:31,UTC,1
2019,12,24,09:32,UTC,0.9
2019,12,24,09:33,UTC,1
2019,12,24,09:34,UTC,0.8
2019,12,24,09:35,UTC,0.8
2019,12,24,09:36,UTC,0.9
2019,12,24,09:37,UTC,1
2019,12,24,09:38,UTC,0.9
2019,12,24,09:39,UTC,0.9
2019,12,24,09:40,UTC,0.9
2019,12,24,09:41,UTC,1.1
2019,12,24,09:42,UTC,1.2
2019,12,24,09:43,UTC,1.1
2019,12,24,09:44,UTC,1
2019,12,24,09:45,UTC,1.1
2019,12,24,09:46,UTC,1
2019,12,24,09:47,UTC,0.9
2019,12,24,09:48,UTC,1.2
2019,12,24,09:49,UTC,1
2019,12,24,09:50,UTC,0.9
2019,12,24,09:51,UTC,1
2019,12,24,09:52,UTC,0.7
2019,12,24,09:53,UTC,0.9
2019,12,24,09:54,UTC,0.6
2019,12,24,09:55,UTC,0.9
2019,12,24,09:56,UTC,1
2019,12,24,09:57,UTC,1.1
2019,12,24,09:58,UTC,0.9
2019,12,24,09:59,UTC,0.8
2019,12,24,10:00,UTC,0.8
2019,12,24,10:01,UTC,1
2019,12,24,10:02,UTC,1.2
2019,12,24,10:03,UTC,1.1
2019,12,24,10:04,UTC,0.9
2019,12,24,10:05,UTC,0.8
2019,12,24,10:06,UTC,1
2019,12,24,10:07,UTC,1
2019,12,24,10:08,UTC,1
2019,12,24,10:09,UTC,1.1
2019,12,24,10:10,UTC,1.1
2019,12,24,10:11,UTC,1.1
2019,12,24,10:12,UTC,1
2019,12,24,10:13,UTC,0.8
2019,12,24,10:14,UTC,0.7
2019,12,24,10:15,UTC,0.9
2019,12,24,10:16,UTC,0.8
2019,12,24,10:17,UTC,1.1
2019,12,24,10:18,UTC,1.2
2019,12,24,10:19,UTC,1.3
2019,12,24,10:20,UTC,1.3
2019,12,24,10:21,UTC,1.2
2019,12,24,10:22,UTC,1.2
2019,12,24,10:23,UTC,1.1
2019,12,24,10:24,UTC,1.1
2019,12,24,10:25,UTC,1.3
2019,12,24,10:26,UTC,1.1
2019,12,24,10:27,UTC,1
2019,12,24,10:28,UTC,1.1
2019,12,24,10:29,UTC,0.9
2019,12,24,10:30,UTC,0.9
2019,12,24,10:31,UTC,1
2019,12,24,10:32,UTC,1
2019,12,24,10:33,UTC,1
2019,12,24,10:34,UTC,0.9
2019,12,24,10:35,UTC,1
2019,12,24,10:36,UTC,0.8
2019,12,24,10:37,UTC,0.7
2019,12,24,10:38,UTC,0.7
2019,12,24,10:39,UTC,0.7
2019,12,24,10:40,UTC,0.7
2019,12,24,10:41,UTC,0.9
2019,12,24,10:42,UTC,0.8
2019,12,24,10:43,UTC,0.8
2019,12,24,10:44,UTC,0.7
2019,12,24,10:45,UTC,0.9
2019,12,24,10:46,UTC,0.9
2019,12,24,10:47,UTC,0.6
2019,12,24,10:48,UTC,0.5
2019,12,24,10:49,UTC,0.4
2019,12,24,10:50,UTC,0.4
2019,12,24,10:51,UTC,0.5
2019,12,24,10:52,UTC,0.7
2019,12,24,10:53,UTC,0.6
2019,12,24,10:54,UTC,0.7
2019,12,24,10:55,UTC,0.6
2019,12,24,10:56,UTC,0.8
2019,12,24,10:57,UTC,0.7
2019,12,24,10:58,UTC,0.8
2019,12,24,10:59,UTC,0.8
2019,12,24,11:00,UTC,0.8
2019,12,24,11:01,UTC,0.6
2019,12,24,11:02,UTC,0.6
2019,12,24,11:03,UTC,0.6
2019,12,24,11:04,UTC,0.7
2019,12,24,11:05,UTC,0.6
2019,12,24,11:06,UTC,0.7
2019,12,24,11:07,UTC,0.7
2019,12,24,11:08,UTC,0.8
2019,12,24,11:09,UTC,1
2019,12,24,11:10,UTC,0.9
2019,12,24,11:11,UTC,0.9
2019,12,24,11:12,UTC,1
2019,12,24,11:13,UTC,0.9
2019,12,24,11:14,UTC,0.8
2019,12,24,11:15,UTC,0.6
2019,12,24,11:16,UTC,0.6
2019,12,24,11:17,UTC,0.4
2019,12,24,11:18,UTC,0.7
2019,12,24,11:19,UTC,0.7
2019,12,24,11:20,UTC,0.5
2019,12,24,11:21,UTC,0.4
2019,12,24,11:22,UTC,0.5
2019,12,24,11:23,UTC,0.3
2019,12,24,11:24,UTC,0.3
2019,12,24,11:25,UTC,0.4
2019,12,24,11:26,UTC,0.2
2019,12,24,11:27,UTC,0.1
2019,12,24,11:28,UTC,0.1
2019,12,24,11:29,UTC,0.1
2019,12,24,11:30,UTC,0.1
2019,12,24,11:31,UTC,0
2019,12,24,11:32,UTC,0.1
2019,12,24,11:33,UTC,0.1
2019,12,24,11:34,UTC,0.5
2019,12,24,11:35,UTC,0.7
2019,12,24,11:36,UTC,0.7
2019,12,24,11:37,UTC,0.6
2019,12,24,11:38,UTC,0.5
2019,12,24,11:39,UTC,0.5
2019,12,24,11:40,UTC,0.4
2019,12,24,11:41,UTC,0.6
2019,12,24,11:42,UTC,0.6
2019,12,24,11:43,UTC,0.4
2019,12,24,11:44,UTC,0.4
2019,12,24,11:45,UTC,0.3
2019,12,24,11:46,UTC,0.2
2019,12,24,11:47,UTC,0.3
2019,12,24,11:48,UTC,0.3
2019,12,24,11:49,UTC,0.2
2019,12,24,11:50,UTC,0.2
2019,12,24,11:51,UTC,0.5
2019,12,24,11:52,UTC,0.3
2019,12,24,11:53,UTC,0.2
2019,12,24,11:54,UTC,0.4
2019,12,24,11:55,UTC,0.3
2019,12,24,11:56,UTC,0.5
2019,12,24,11:57,UTC,0.5
2019,12,24,11:58,UTC,0.5
2019,12,24,11:59,UTC,0.7
2019,12,24,12:00,UTC,0.8
2019,12,24,12:01,UTC,0.7
2019,12,24,12:02,UTC,0.8
2019,12,24,12:03,UTC,0.9
2019,12,24,12:04,UTC,0.8
2019,12,24,12:05,UTC,0.7
2019,12,24,12:06,UTC,0.8
2019,12,24,12:07,UTC,0.6
2019,12,24,12:08,UTC,0.6
2019,12,24,12:09,UTC,0.5
2019,12,24,12:10,UTC,0.7
2019,12,24,12:11,UTC,0.6
2019,12,24,12:12,UTC,0.5
2019,12,24,12:13,UTC,0.5
2019,12,24,12:14,UTC,0.4
2019,12,24,12:15,UTC,0.4
2019,12,24,12:16,UTC,0.5
2019,12,24,12:17,UTC,0.6
2019,12,24,12:18,UTC,0.6
2019,12,24,12:19,UTC,0.7
2019,12,24,12:20,UTC,0.6
2019,12,24,12:21,UTC,0.4
2019,12,24,12:22,UTC,0.4
2019,12,24,12:23,UTC,0.6
2019,12,24,12:24,UTC,0.5
2019,12,24,12:25,UTC,0.7
2019,12,24,12:26,UTC,0.6
2019,12,24,12:27,UTC,0.4
2019,12,24,12:28,UTC,0.3
2019,12,24,12:29,UTC,0.4
2019,12,24,12:30,UTC,0.5
2019,12,24,12:31,UTC,0.6
2019,12,24,12:32,UTC,0.6
2019,12,24,12:33,UTC,0.7
2019,12,24,12:34,UTC,0.7
2019,12,24,12:35,UTC,0.7
2019,12,24,12:36,UTC,0.4
2019,12,24,12:37,UTC,0.7
2019,12,24,12:38,UTC,0.7
2019,12,24,12:39,UTC,0.6
2019,12,24,12:40,UTC,0.5
2019,12,24,12:41,UTC,0.3
2019,12,24,12:42,UTC,0.1
2019,12,24,12:43,UTC,0.3
2019,12,24,12:44,UTC,0.2
2019,12,24,12:45,UTC,0.3
2019,12,24,12:46,UTC,0.2
2019,12,24,12:47,UTC,0.2
2019,12,24,12:48,UTC,0
2019,12,24,12:49,UTC,-0.1
2019,12,24,12:50,UTC,0
2019,12,24,12:51,UTC,0.1
2019,12,24,12:52,UTC,-0.1
2019,12,24,12:53,UTC,-0.1
2019,12,24,12:54,UTC,-0.1
2019,12,24,12:55,UTC,-0.1
2019,12,24,12:56,UTC,0.2
2019,12,24,12:57,UTC,0.1
2019,12,24,12:58,UTC,0.1
2019,12,24,12:59,UTC,-0.1
2019,12,24,13:00,UTC,0.1
2019,12,24,13:01,UTC,0.2
2019,12,24,13:02,UTC,0.3
2019,12,24,13:03,UTC,-0.2
2019,12,24,13:04,UTC,-0.2
2019,12,24,13:05,UTC,0
2019,12,24,13:06,UTC,-0.2
2019,12,24,13:07,UTC,-0.1
2019,12,24,13:08,UTC,-0.1
2019,12,24,13:09,UTC,-0.1
2019,12,24,13:10,UTC,-0.1
2019,12,24,13:11,UTC,-0.2
2019,12,24,13:12,UTC,0
2019,12,24,13:13,UTC,0
2019,12,24,13:14,UTC,0.1
2019,12,24,13:15,UTC,0.1
2019,12,24,13:16,UTC,0.1
2019,12,24,13:17,UTC,0
2019,12,24,13:18,UTC,-0.3
2019,12,24,13:19,UTC,-0.3
2019,12,24,13:20,UTC,-0.2
2019,12,24,13:21,UTC,-0.5
2019,12,24,13:22,UTC,-0.5
2019,12,24,13:23,UTC,-0.4
2019,12,24,13:24,UTC,-0.3
2019,12,24,13:25,UTC,-0.3
2019,12,24,13:26,UTC,-0.4
2019,12,24,13:27,UTC,-0.3
2019,12,24,13:28,UTC,-0.4
2019,12,24,13:29,UTC,-0.3
2019,12,24,13:30,UTC,-0.4
2019,12,24,13:31,UTC,-0.4
2019,12,24,13:32,UTC,-0.2
2019,12,24,13:33,UTC,-0.1
2019,12,24,13:34,UTC,-0.2
2019,12,24,13:35,UTC,0
2019,12,24,13:36,UTC,0.1
2019,12,24,13:37,UTC,0.1
2019,12,24,13:38,UTC,-0.1
2019,12,24,13:39,UTC,-0.1
2019,12,24,13:40,UTC,0.1
2019,12,24,13:41,UTC,0
2019,12,24,13:42,UTC,-0.1
2019,12,24,13:43,UTC,-0.3
2019,12,24,13:44,UTC,-0.3
2019,12,24,13:45,UTC,-0.3
2019,12,24,13:46,UTC,-0.1
2019,12,24,13:47,UTC,-0.2
2019,12,24,13:48,UTC,-0.4
2019,12,24,13:49,UTC,-0.3
2019,12,24,13:50,UTC,-0.4
2019,12,24,13:51,UTC,-0.4
2019,12,24,13:52,UTC,-0.4
2019,12,24,13:53,UTC,-0.3
2019,12,24,13:54,UTC,-0.1
2019,12,24,13:55,UTC,-0.1
2019,12,24,13:56,UTC,0
2019,12,24,13:57,UTC,0.1
2019,12,24,13:58,UTC,0.4
2019,12,24,13:59,UTC,0.4
2019,12,24,14:00,UTC,0.3
2019,12,24,14:01,UTC,0.3
2019,12,24,14:02,UTC,0.5
2019,12,24,14:03,UTC,0.5
2019,12,24,14:04,UTC,0.4
2019,12,24,14:05,UTC,0.4
2019,12,24,14:06,UTC,0.3
2019,12,24,14:07,UTC,0.3
2019,12,24,14:08,UTC,0.1
2019,12,24,14:09,UTC,0.1
2019,12,24,14:10,UTC,0.1
2019,12,24,14:11,UTC,0
2019,12,24,14:12,UTC,0.4
2019,12,24,14:13,UTC,0.4
2019,12,24,14:14,UTC,0.2
2019,12,24,14:15,UTC,0.5
2019,12,24,14:16,UTC,0.5
2019,12,24,14:17,UTC,0.2
2019,12,24,14:18,UTC,0.3
2019,12,24,14:19,UTC,0.3
2019,12,24,14:20,UTC,0.1
2019,12,24,14:21,UTC,0.3
2019,12,24,14:22,UTC,0.5
2019,12,24,14:23,UTC,0.4
2019,12,24,14:24,UTC,0.4
2019,12,24,14:25,UTC,0.5
2019,12,24,14:26,UTC,0.3
2019,12,24,14:27,UTC,0.4
2019,12,24,14:28,UTC,0.2
2019,12,24,14:29,UTC,0.2
2019,12,24,14:30,UTC,0.4
2019,12,24,14:31,UTC,0.3
2019,12,24,14:32,UTC,0.4
2019,12,24,14:33,UTC,0.3
2019,12,24,14:34,UTC,0.3
2019,12,24,14:35,UTC,0.3
2019,12,24,14:36,UTC,0.2
2019,12,24,14:37,UTC,0.5
2019,12,24,14:38,UTC,0.4
2019,12,24,14:39,UTC,0.3
2019,12,24,14:40,UTC,-0.1
2019,12,24,14:41,UTC,0.2
2019,12,24,14:42,UTC,0.3
2019,12,24,14:43,UTC,0.2
2019,12,24,14:44,UTC,0.3
2019,12,24,14:45,UTC,0.3
2019,12,24,14:46,UTC,0.2
2019,12,24,14:47,UTC,0.3
2019,12,24,14:48,UTC,0.3
2019,12,24,14:49,UTC,0.3
2019,12,24,14:50,UTC,0.3
2019,12,24,14:51,UTC,0.1
2019,12,24,14:52,UTC,0.1
2019,12,24,14:53,UTC,0.1
2019,12,24,14:54,UTC,0.1
2019,12,24,14:55,UTC,0.1
2019,12,24,14:56,UTC,0.2
2019,12,24,14:57,UTC,0.1
2019,12,24,14:58,UTC,0
2019,12,24,14:59,UTC,0
2019,12,24,15:00,UTC,0.1
2019,12,24,15:01,UTC,-0.1
2019,12,24,15:02,UTC,-0.1
2019,12,24,15:03,UTC,-0.1
2019,12,24,15:04,UTC,0.1
2019,12,24,15:05,UTC,0
2019,12,24,15:06,UTC,0
2019,12,24,15:07,UTC,0
2019,12,24,15:08,UTC,0.1
2019,12,24,15:09,UTC,0.2
2019,12,24,15:10,UTC,0
2019,12,24,15:11,UTC,0.3
2019,12,24,15:12,UTC,0.7
2019,12,24,15:13,UTC,0.4
2019,12,24,15:14,UTC,0.5
2019,12,24,15:15,UTC,0.4
2019,12,24,15:16,UTC,0.4
2019,12,24,15:17,UTC,0.3
2019,12,24,15:18,UTC,0.2
2019,12,24,15:19,UTC,0.4
2019,12,24,15:20,UTC,0.3
2019,12,24,15:21,UTC,0.2
2019,12,24,15:22,UTC,0.6
2019,12,24,15:23,UTC,0.5
2019,12,24,15:24,UTC,0.4
2019,12,24,15:25,UTC,0.5
2019,12,24,15:26,UTC,0.3
2019,12,24,15:27,UTC,0.4
2019,12,24,15:28,UTC,0.3
2019,12,24,15:29,UTC,0.3
2019,12,24,15:30,UTC,0.4
2019,12,24,15:31,UTC,0.5
2019,12,24,15:32,UTC,0.4
2019,12,24,15:33,UTC,0.5
2019,12,24,15:34,UTC,0.7
2019,12,24,15:35,UTC,0.5
2019,12,24,15:36,UTC,0.5
2019,12,24,15:37,UTC,0.4
2019,12,24,15:38,UTC,0.2
2019,12,24,15:39,UTC,0.3
2019,12,24,15:40,UTC,0.3
2019,12,24,15:41,UTC,0.6
2019,12,24,15:42,UTC,0.6
2019,12,24,15:43,UTC,0.6
2019,12,24,15:44,UTC,0.7
2019,12,24,15:45,UTC,0.6
2019,12,24,15:46,UTC,0.6
2019,12,24,15:47,UTC,0.4
2019,12,24,15:48,UTC,0.6
2019,12,24,15:49,UTC,0.5
2019,12,24,15:50,UTC,0.6
2019,12,24,15:51,UTC,0.6
2019,12,24,15:52,UTC,0.4
2019,12,24,15:53,UTC,0.4
2019,12,24,15:54,UTC,0.2
2019,12,24,15:55,UTC,0.2
2019,12,24,15:56,UTC,0.4
2019,12,24,15:57,UTC,0.6
2019,12,24,15:58,UTC,0.7
2019,12,24,15:59,UTC,0.4
2019,12,24,16:00,UTC,0.6
2019,12,24,16:01,UTC,0.4
2019,12,24,16:02,UTC,0.4
2019,12,24,16:03,UTC,0.4
2019,12,24,16:04,UTC,0.5
2019,12,24,16:05,UTC,0.5
2019,12,24,16:06,UTC,0.3
2019,12,24,16:07,UTC,0.5
2019,12,24,16:08,UTC,0.8
2019,12,24,16:09,UTC,0.8
2019,12,24,16:10,UTC,0.8
2019,12,24,16:11,UTC,0.5
2019,12,24,16:12,UTC,0.3
2019,12,24,16:13,UTC,0.6
2019,12,24,16:14,UTC,0.5
2019,12,24,16:15,UTC,0.5
2019,12,24,16:16,UTC,0.5
2019,12,24,16:17,UTC,0.5
2019,12,24,16:18,UTC,0.5
2019,12,24,16:19,UTC,0.6
2019,12,24,16:20,UTC,0.6
2019,12,24,16:21,UTC,0.5
2019,12,24,16:22,UTC,0.2
2019,12,24,16:23,UTC,0.6
2019,12,24,16:24,UTC,0.6
2019,12,24,16:25,UTC,0.7
2019,12,24,16:26,UTC,0.6
2019,12,24,16:27,UTC,0.6
2019,12,24,16:28,UTC,0.4
2019,12,24,16:29,UTC,0.5
2019,12,24,16:30,UTC,0.5
2019,12,24,16:31,UTC,0.6
2019,12,24,16:32,UTC,0.7
2019,12,24,16:33,UTC,0.5
2019,12,24,16:34,UTC,0.5
2019,12,24,16:35,UTC,0.7
2019,12,24,16:36,UTC,0.9
2019,12,24,16:37,UTC,1
2019,12,24,16:38,UTC,0.8
2019,12,24,16:39,UTC,0.6
2019,12,24,16:40,UTC,0.5
2019,12,24,16:41,UTC,0.4
2019,12,24,16:42,UTC,0.3
2019,12,24,16:43,UTC,0.2
2019,12,24,16:44,UTC,0.3
2019,12,24,16:45,UTC,0.5
2019,12,24,16:46,UTC,0.4
2019,12,24,16:47,UTC,0.4
2019,12,24,16:48,UTC,0.5
2019,12,24,16:49,UTC,0.4
2019,12,24,16:50,UTC,0.5
2019,12,24,16:51,UTC,0.5
2019,12,24,16:52,UTC,0.4
2019,12,24,16:53,UTC,0.5
2019,12,24,16:54,UTC,0.5
2019,12,24,16:55,UTC,0.2
2019,12,24,16:56,UTC,0.4
2019,12,24,16:57,UTC,0.3
2019,12,24,16:58,UTC,0.4
2019,12,24,16:59,UTC,0.2
2019,12,24,17:00,UTC,0.3
2019,12,24,17:01,UTC,0.2
2019,12,24,17:02,UTC,0.5
2019,12,24,17:03,UTC,0.4
2019,12,24,17:04,UTC,0.5
2019,12,24,17:05,UTC,0.4
2019,12,24,17:06,UTC,0.5
2019,12,24,17:07,UTC,0.4
2019,12,24,17:08,UTC,0.5
2019,12,24,17:09,UTC,0.4
2019,12,24,17:10,UTC,0.5
2019,12,24,17:11,UTC,0.4
2019,12,24,17:12,UTC,0.1
2019,12,24,17:13,UTC,0.3
2019,12,24,17:14,UTC,0.3
2019,12,24,17:15,UTC,0.3
2019,12,24,17:16,UTC,0.4
2019,12,24,17:17,UTC,0.3
2019,12,24,17:18,UTC,0.4
2019,12,24,17:19,UTC,0.3
2019,12,24,17:20,UTC,0.3
2019,12,24,17:21,UTC,0.3
2019,12,24,17:22,UTC,0.3
2019,12,24,17:23,UTC,0.4
2019,12,24,17:24,UTC,0.3
2019,12,24,17:25,UTC,0.2
2019,12,24,17:26,UTC,0.4
2019,12,24,17:27,UTC,0.4
2019,12,24,17:28,UTC,0.7
2019,12,24,17:29,UTC,0.5
2019,12,24,17:30,UTC,0.5
2019,12,24,17:31,UTC,0.7
2019,12,24,17:32,UTC,0.6
2019,12,24,17:33,UTC,0.4
2019,12,24,17:34,UTC,0.5
2019,12,24,17:35,UTC,0.4
2019,12,24,17:36,UTC,0.6
2019,12,24,17:37,UTC,0.6
2019,12,24,17:38,UTC,0.6
2019,12,24,17:39,UTC,0.6
2019,12,24,17:40,UTC,0.6
2019,12,24,17:41,UTC,0.6
2019,12,24,17:42,UTC,0.7
2019,12,24,17:43,UTC,0.8
2019,12,24,17:44,UTC,0.7
2019,12,24,17:45,UTC,0.6
2019,12,24,17:46,UTC,0.7
2019,12,24,17:47,UTC,0.9
2019,12,24,17:48,UTC,0.7
2019,12,24,17:49,UTC,0.6
2019,12,24,17:50,UTC,0.4
2019,12,24,17:51,UTC,0.4
2019,12,24,17:52,UTC,0.4
2019,12,24,17:53,UTC,0.4
2019,12,24,17:54,UTC,0.5
2019,12,24,17:55,UTC,0.3
2019,12,24,17:56,UTC,0.3
2019,12,24,17:57,UTC,0.5
2019,12,24,17:58,UTC,0.6
2019,12,24,17:59,UTC,0.7
2019,12,24,18:00,UTC,0.7
2019,12,24,18:01,UTC,0.9
2019,12,24,18:02,UTC,0.9
2019,12,24,18:03,UTC,0.6
2019,12,24,18:04,UTC,0.6
2019,12,24,18:05,UTC,0.7
2019,12,24,18:06,UTC,0.8
2019,12,24,18:07,UTC,0.9
2019,12,24,18:08,UTC,0.7
2019,12,24,18:09,UTC,0.8
2019,12,24,18:10,UTC,0.9
2019,12,24,18:11,UTC,0.8
2019,12,24,18:12,UTC,0.6
2019,12,24,18:13,UTC,0.5
2019,12,24,18:14,UTC,0.6
2019,12,24,18:15,UTC,0.6
2019,12,24,18:16,UTC,0.7
2019,12,24,18:17,UTC,0.8
2019,12,24,18:18,UTC,0.8
2019,12,24,18:19,UTC,0.8
2019,12,24,18:20,UTC,0.7
2019,12,24,18:21,UTC,0.7
2019,12,24,18:22,UTC,0.7
2019,12,24,18:23,UTC,0.7
2019,12,24,18:24,UTC,0.8
2019,12,24,18:25,UTC,0.8
2019,12,24,18:26,UTC,0.9
2019,12,24,18:27,UTC,0.8
2019,12,24,18:28,UTC,0.8
2019,12,24,18:29,UTC,0.6
2019,12,24,18:30,UTC,0.4
2019,12,24,18:31,UTC,0.6
2019,12,24,18:32,UTC,0.7
2019,12,24,18:33,UTC,0.6
2019,12,24,18:34,UTC,0.7
2019,12,24,18:35,UTC,0.7
2019,12,24,18:36,UTC,0.7
2019,12,24,18:37,UTC,0.8
2019,12,24,18:38,UTC,0.7
2019,12,24,18:39,UTC,0.6
2019,12,24,18:40,UTC,0.6
2019,12,24,18:41,UTC,0.8
2019,12,24,18:42,UTC,0.8
2019,12,24,18:43,UTC,0.8
2019,12,24,18:44,UTC,0.9
2019,12,24,18:45,UTC,0.9
2019,12,24,18:46,UTC,0.7
2019,12,24,18:47,UTC,0.5
2019,12,24,18:48,UTC,0.6
2019,12,24,18:49,UTC,0.7
2019,12,24,18:50,UTC,0.5
2019,12,24,18:51,UTC,0.4
2019,12,24,18:52,UTC,0.4
2019,12,24,18:53,UTC,0.3
2019,12,24,18:54,UTC,0.3
2019,12,24,18:55,UTC,0.5
2019,12,24,18:56,UTC,0.6
2019,12,24,18:57,UTC,0.8
2019,12,24,18:58,UTC,0.6
2019,12,24,18:59,UTC,0.7
2019,12,24,19:00,UTC,0.7
2019,12,24,19:01,UTC,0.7
2019,12,24,19:02,UTC,0.7
2019,12,24,19:03,UTC,0.6
2019,12,24,19:04,UTC,0.8
2019,12,24,19:05,UTC,0.6
2019,12,24,19:06,UTC,0.7
2019,12,24,19:07,UTC,0.8
2019,12,24,19:08,UTC,0.8
2019,12,24,19:09,UTC,0.9
2019,12,24,19:10,UTC,0.7
2019,12,24,19:11,UTC,0.7
2019,12,24,19:12,UTC,0.5
2019,12,24,19:13,UTC,0.5
2019,12,24,19:14,UTC,0.7
2019,12,24,19:15,UTC,0.5
2019,12,24,19:16,UTC,0.6
2019,12,24,19:17,UTC,0.8
2019,12,24,19:18,UTC,0.5
2019,12,24,19:19,UTC,0.5
2019,12,24,19:20,UTC,0.4
2019,12,24,19:21,UTC,0.7
2019,12,24,19:22,UTC,0.7
2019,12,24,19:23,UTC,0.7
2019,12,24,19:24,UTC,0.9
2019,12,24,19:25,UTC,0.6
2019,12,24,19:26,UTC,0.5
2019,12,24,19:27,UTC,0.4
2019,12,24,19:28,UTC,0.4
2019,12,24,19:29,UTC,0.5
2019,12,24,19:30,UTC,0.7
2019,12,24,19:31,UTC,0.8
2019,12,24,19:32,UTC,0.6
2019,12,24,19:33,UTC,0.6
2019,12,24,19:34,UTC,0.5
2019,12,24,19:35,UTC,0.5
2019,12,24,19:36,UTC,0.4
2019,12,24,19:37,UTC,0.4
2019,12,24,19:38,UTC,0.1
2019,12,24,19:39,UTC,0.3
2019,12,24,19:40,UTC,0.2
2019,12,24,19:41,UTC,0.5
2019,12,24,19:42,UTC,0.8
2019,12,24,19:43,UTC,1
2019,12,24,19:44,UTC,0.8
2019,12,24,19:45,UTC,0.7
2019,12,24,19:46,UTC,0.7
2019,12,24,19:47,UTC,0.7
2019,12,24,19:48,UTC,0.9
2019,12,24,19:49,UTC,0.8
2019,12,24,19:50,UTC,0.8
2019,12,24,19:51,UTC,1.1
2019,12,24,19:52,UTC,0.9
2019,12,24,19:53,UTC,0.9
2019,12,24,19:54,UTC,0.9
2019,12,24,19:55,UTC,0.7
2019,12,24,19:56,UTC,0.8
2019,12,24,19:57,UTC,0.7
2019,12,24,19:58,UTC,0.7
2019,12,24,19:59,UTC,0.7
2019,12,24,20:00,UTC,0.6
2019,12,24,20:01,UTC,0.7
2019,12,24,20:02,UTC,0.6
2019,12,24,20:03,UTC,0.6
2019,12,24,20:04,UTC,0.6
2019,12,24,20:05,UTC,0.5
2019,12,24,20:06,UTC,0.7
2019,12,24,20:07,UTC,0.8
2019,12,24,20:08,UTC,0.6
2019,12,24,20:09,UTC,0.8
2019,12,24,20:10,UTC,0.8
2019,12,24,20:11,UTC,0.8
2019,12,24,20:12,UTC,0.9
2019,12,24,20:13,UTC,0.7
2019,12,24,20:14,UTC,0.7
2019,12,24,20:15,UTC,0.8
2019,12,24,20:16,UTC,0.7
2019,12,24,20:17,UTC,0.7
2019,12,24,20:18,UTC,0.7
2019,12,24,20:19,UTC,0.8
2019,12,24,20:20,UTC,0.8
2019,12,24,20:21,UTC,0.5
2019,12,24,20:22,UTC,0.7
2019,12,24,20:23,UTC,0.7
2019,12,24,20:24,UTC,0.7
2019,12,24,20:25,UTC,0.8
2019,12,24,20:26,UTC,0.9
2019,12,24,20:27,UTC,0.7
2019,12,24,20:28,UTC,0.7
2019,12,24,20:29,UTC,0.7
2019,12,24,20:30,UTC,0.9
2019,12,24,20:31,UTC,0.8
2019,12,24,20:32,UTC,1
2019,12,24,20:33,UTC,0.9
2019,12,24,20:34,UTC,0.9
2019,12,24,20:35,UTC,0.9
2019,12,24,20:36,UTC,0.8
2019,12,24,20:37,UTC,0.8
2019,12,24,20:38,UTC,0.8
2019,12,24,20:39,UTC,0.9
2019,12,24,20:40,UTC,1
2019,12,24,20:41,UTC,0.9
2019,12,24,20:42,UTC,0.7
2019,12,24,20:43,UTC,0.7
2019,12,24,20:44,UTC,0.6
2019,12,24,20:45,UTC,0.6
2019,12,24,20:46,UTC,0.6
2019,12,24,20:47,UTC,0.7
2019,12,24,20:48,UTC,0.7
2019,12,24,20:49,UTC,0.7
2019,12,24,20:50,UTC,0.7
2019,12,24,20:51,UTC,0.7
2019,12,24,20:52,UTC,0.7
2019,12,24,20:53,UTC,0.8
2019,12,24,20:54,UTC,0.7
2019,12,24,20:55,UTC,0.7
2019,12,24,20:56,UTC,0.8
2019,12,24,20:57,UTC,0.9
2019,12,24,20:58,UTC,1
2019,12,24,20:59,UTC,1
2019,12,24,21:00,UTC,0.8
2019,12,24,21:01,UTC,0.9
2019,12,24,21:02,UTC,0.9
2019,12,24,21:03,UTC,1.1
2019,12,24,21:04,UTC,1
2019,12,24,21:05,UTC,1.2
2019,12,24,21:06,UTC,1.1
2019,12,24,21:07,UTC,1.3
2019,12,24,21:08,UTC,1.2
2019,12,24,21:09,UTC,1.2
2019,12,24,21:10,UTC,1
2019,12,24,21:11,UTC,0.9
2019,12,24,21:12,UTC,0.9
2019,12,24,21:13,UTC,0.8
2019,12,24,21:14,UTC,0.9
2019,12,24,21:15,UTC,0.8
2019,12,24,21:16,UTC,0.7
2019,12,24,21:17,UTC,0.7
2019,12,24,21:18,UTC,0.6
2019,12,24,21:19,UTC,0.7
2019,12,24,21:20,UTC,0.7
2019,12,24,21:21,UTC,0.9
2019,12,24,21:22,UTC,0.8
2019,12,24,21:23,UTC,0.6
2019,12,24,21:24,UTC,0.6
2019,12,24,21:25,UTC,0.5
2019,12,24,21:26,UTC,0.7
2019,12,24,21:27,UTC,0.8
2019,12,24,21:28,UTC,0.8
2019,12,24,21:29,UTC,0.9
2019,12,24,21:30,UTC,0.8
2019,12,24,21:31,UTC,0.8
2019,12,24,21:32,UTC,0.8
2019,12,24,21:33,UTC,0.7
2019,12,24,21:34,UTC,0.9
2019,12,24,21:35,UTC,1.1
2019,12,24,21:36,UTC,1.2
2019,12,24,21:37,UTC,1.3
2019,12,24,21:38,UTC,1.5
2019,12,24,21:39,UTC,1.6
2019,12,24,21:40,UTC,1.5
2019,12,24,21:41,UTC,1
2019,12,24,21:42,UTC,0.7
2019,12,24,21:43,UTC,0.6
2019,12,24,21:44,UTC,0.5
2019,12,24,21:45,UTC,0.5
2019,12,24,21:46,UTC,0.6
2019,12,24,21:47,UTC,0.6
2019,12,24,21:48,UTC,0.7
2019,12,24,21:49,UTC,0.7
2019,12,24,21:50,UTC,0.7
2019,12,24,21:51,UTC,0.7
2019,12,24,21:52,UTC,0.7
2019,12,24,21:53,UTC,0.8
2019,12,24,21:54,UTC,0.6
2019,12,24,21:55,UTC,0.5
2019,12,24,21:56,UTC,0.5
2019,12,24,21:57,UTC,0.7
2019,12,24,21:58,UTC,0.9
2019,12,24,21:59,UTC,0.9
2019,12,24,22:00,UTC,0.7
2019,12,24,22:01,UTC,0.6
2019,12,24,22:02,UTC,0.7
2019,12,24,22:03,UTC,0.6
2019,12,24,22:04,UTC,0.4
2019,12,24,22:05,UTC,0.6
2019,12,24,22:06,UTC,0.3
2019,12,24,22:07,UTC,0.4
2019,12,24,22:08,UTC,0.7
2019,12,24,22:09,UTC,0.8
2019,12,24,22:10,UTC,0.6
2019,12,24,22:11,UTC,0.6
2019,12,24,22:12,UTC,0.6
2019,12,24,22:13,UTC,0.6
2019,12,24,22:14,UTC,0.8
2019,12,24,22:15,UTC,0.6
2019,12,24,22:16,UTC,0.6
2019,12,24,22:17,UTC,0.5
2019,12,24,22:18,UTC,0.4
2019,12,24,22:19,UTC,0.4
2019,12,24,22:20,UTC,0.3
2019,12,24,22:21,UTC,0.6
2019,12,24,22:22,UTC,0.5
2019,12,24,22:23,UTC,0.6
2019,12,24,22:24,UTC,0.8
2019,12,24,22:25,UTC,0.8
2019,12,24,22:26,UTC,0.6
2019,12,24,22:27,UTC,0.9
2019,12,24,22:28,UTC,0.8
2019,12,24,22:29,UTC,0.9
2019,12,24,22:30,UTC,0.9
2019,12,24,22:31,UTC,0.9
2019,12,24,22:32,UTC,0.8
2019,12,24,22:33,UTC,0.9
2019,12,24,22:34,UTC,0.8
2019,12,24,22:35,UTC,0.7
2019,12,24,22:36,UTC,0.4
2019,12,24,22:37,UTC,0.7
2019,12,24,22:38,UTC,0.8
2019,12,24,22:39,UTC,0.9
2019,12,24,22:40,UTC,0.8
2019,12,24,22:41,UTC,0.9
2019,12,24,22:42,UTC,0.8
2019,12,24,22:43,UTC,0.7
2019,12,24,22:44,UTC,0.7
2019,12,24,22:45,UTC,0.8
2019,12,24,22:46,UTC,0.8
2019,12,24,22:47,UTC,0.8
2019,12,24,22:48,UTC,0.8
2019,12,24,22:49,UTC,0.9
2019,12,24,22:50,UTC,1
2019,12,24,22:51,UTC,1
2019,12,24,22:52,UTC,0.9
2019,12,24,22:53,UTC,0.8
2019,12,24,22:54,UTC,0.9
2019,12,24,22:55,UTC,0.9
2019,12,24,22:56,UTC,0.8
2019,12,24,22:57,UTC,0.9
2019,12,24,22:58,UTC,0.9
2019,12,24,22:59,UTC,1
2019,12,24,23:00,UTC,0.9
2019,12,24,23:01,UTC,1
2019,12,24,23:02,UTC,0.9
2019,12,24,23:03,UTC,0.9
2019,12,24,23:04,UTC,0.9
2019,12,24,23:05,UTC,0.9
2019,12,24,23:06,UTC,0.7
2019,12,24,23:07,UTC,0.8
2019,12,24,23:08,UTC,1
2019,12,24,23:09,UTC,0.8
2019,12,24,23:10,UTC,0.8
2019,12,24,23:11,UTC,0.8
2019,12,24,23:12,UTC,0.8
2019,12,24,23:13,UTC,1
2019,12,24,23:14,UTC,1
2019,12,24,23:15,UTC,1.1
2019,12,24,23:16,UTC,1.2
2019,12,24,23:17,UTC,1.1
2019,12,24,23:18,UTC,0.8
2019,12,24,23:19,UTC,0.8
2019,12,24,23:20,UTC,1.1
2019,12,24,23:21,UTC,1
2019,12,24,23:22,UTC,0.8
2019,12,24,23:23,UTC,0.9
2019,12,24,23:24,UTC,1.1
2019,12,24,23:25,UTC,0.9
2019,12,24,23:26,UTC,1
2019,12,24,23:27,UTC,1
2019,12,24,23:28,UTC,1.2
2019,12,24,23:29,UTC,1.1
2019,12,24,23:30,UTC,1.1
2019,12,24,23:31,UTC,1.1
2019,12,24,23:32,UTC,1
2019,12,24,23:33,UTC,0.9
2019,12,24,23:34,UTC,1.1
2019,12,24,23:35,UTC,1
2019,12,24,23:36,UTC,1.2
2019,12,24,23:37,UTC,1.4
2019,12,24,23:38,UTC,1.3
2019,12,24,23:39,UTC,1.3
2019,12,24,23:40,UTC,1.3
2019,12,24,23:41,UTC,1.2
2019,12,24,23:42,UTC,0.9
2019,12,24,23:43,UTC,0.8
2019,12,24,23:44,UTC,0.9
2019,12,24,23:45,UTC,0.8
2019,12,24,23:46,UTC,0.8
2019,12,24,23:47,UTC,1
2019,12,24,23:48,UTC,0.9
2019,12,24,23:49,UTC,0.6
2019,12,24,23:50,UTC,0.6
2019,12,24,23:51,UTC,0.6
2019,12,24,23:52,UTC,0.9
2019,12,24,23:53,UTC,0.8
2019,12,24,23:54,UTC,0.8
2019,12,24,23:55,UTC,0.8
2019,12,24,23:56,UTC,1.1
2019,12,24,23:57,UTC,1.2
2019,12,24,23:58,UTC,0.9
2019,12,24,23:59,UTC,0.8
2019,12,25,00:00,UTC,0.6
